BMI,Risk Factor
16,11.11111111
17,5.555555556
18,0
19,0
20,0
21,0
22,0
23,0
24,0
25,5.555555556
26,11.11111111
27,16.66666667
28,22.22222222
29,27.77777778
30,33.33333333
31,38.88888889
32,44.44444444
33,50
34,55.55555556
35,61.11111111
36,66.66666667
37,72.22222222
38,77.77777778
39,83.33333333
40,88.88888889
41,94.44444444
42,100
